Student_ID,Student_Name,Gender,Age,Math_Score,English_Score,Science_Score,Attendance_Percentage
S001,Aarav Sharma,Male,19,78,82,75,88.5
S002,Priya Patel,Female,20,85,90,88,92.0
S003,Rohan Verma,Male,21,62,70,65,75.0
S004,Sneha Nair,Female,19,91,88,93,95.5
S005,Arjun Mehta,Male,22,55,60,58,68.0
S006,Kavya Reddy,Female,20,74,79,72,82.0
S007,Vikram Singh,Male,21,88,76,84,90.0
S008,Anjali Gupta,Female,20,67,73,69,78.5
S009,Nikhil Kumar,Male,19,93,85,91,96.0
S010,Divya Joshi,Female,21,70,77,74,80.0
S011,Aditya Rao,Male,22,80,83,78,87.0
S012,Meera Iyer,Female,19,58,65,60,70.0
S013,Siddharth Das,Male,20,76,80,73,84.5
S014,Pooja Mishra,Female,21,89,92,87,93.5
S015,Rahul Tiwari,Male,22,64,68,66,72.0
S016,Ananya Choudhury,Female,19,82,86,80,89.0
S017,Karan Bose,Male,20,71,74,68,77.0
S018,Shreya Pillai,Female,21,95,93,97,98.0
S019,Manish Jain,Male,22,53,58,55,65.0
S020,Riya Saxena,Female,19,77,81,76,83.0
S021,Deepak Nair,Male,20,84,87,82,91.0
S022,Tanya Kapoor,Female,21,60,66,62,71.0
S023,Rajesh Pandey,Male,22,73,78,70,80.5
S024,Ishaan Ghosh,Male,19,90,84,92,94.0
S025,Nisha Agarwal,Female,20,66,72,67,76.0
S026,Vivek Thakur,Male,21,79,82,77,86.0
S027,Pallavi Singh,Female,22,87,91,85,92.5
S028,Suresh Yadav,Male,19,57,63,59,67.0
S029,Kritika Sharma,Female,20,83,88,81,90.0
S030,Amit Chandra,Male,21,69,75,71,79.0
S031,Sonia Malhotra,Female,22,92,89,94,96.5
S032,Tarun Bajaj,Male,19,61,67,63,73.0
S033,Farida Khan,Female,20,75,80,74,84.0
S034,Naveen Pillai,Male,21,86,83,88,91.5
S035,Usha Menon,Female,22,72,76,70,81.0
S036,Rohit Chauhan,Male,19,81,85,79,88.0
S037,Geeta Sharma,Female,20,56,62,58,66.5
S038,Sachin Patil,Male,21,94,90,96,97.0
S039,Rekha Dubey,Female,22,68,74,66,77.5
S040,Ajay Kumar,Male,19,76,79,75,83.5
S041,Simran Arora,Female,20,88,93,86,93.0
S042,Vishal Sinha,Male,21,63,69,64,74.0
S043,Namita Rao,Female,22,80,84,78,87.5
S044,Harish Reddy,Male,19,71,77,73,80.0
S045,Bhavna Joshi,Female,20,85,89,83,91.0
S046,Kunal Mishra,Male,21,54,59,56,64.0
S047,Swati Tripathi,Female,22,78,83,77,86.5
S048,Pankaj Gupta,Male,19,92,87,90,95.0
S049,Lavanya Nair,Female,20,65,71,67,75.5
S050,Abhinav Shah,Male,21,83,86,84,90.5
S051,Chitra Iyer,Female,22,70,75,68,79.0
S052,Mohit Srivastava,Male,19,77,81,76,85.0
S053,Preethi Balan,Female,20,89,94,91,94.5
S054,Gaurav Kulkarni,Male,21,62,67,64,72.5
S055,Asha Pillai,Female,22,74,79,72,82.5
S056,Ravi Desai,Male,19,87,82,85,91.0
S057,Poornima Nair,Female,20,59,65,61,70.5
S058,Ajit Pawar,Male,21,81,84,80,88.5
S059,Kavitha Sundaram,Female,22,93,90,95,97.5
S060,Deepak Verma,Male,19,67,72,69,77.0
S061,Anita Bhatia,Female,20,76,80,74,84.0
S062,Sunil Rawat,Male,21,85,88,83,90.0
S063,Madhuri Desai,Female,22,73,78,71,81.5
S064,Shyam Prasad,Male,19,60,66,62,71.5
S065,Komal Agarwal,Female,20,91,87,89,94.0
S066,Naresh Bhatt,Male,21,68,74,66,78.0
S067,Sunita Jha,Female,22,82,86,80,89.5
S068,Vinay Pandey,Male,19,79,83,78,86.0
S069,Leela Krishnan,Female,20,86,90,88,92.5
S070,Ramesh Nair,Male,21,55,60,57,66.0
S071,Priya Mehta,Female,22,90,85,92,95.5
S072,Yash Agarwal,Male,19,72,77,70,80.5
S073,Neha Rajan,Female,20,84,89,82,91.5
S074,Sanjay Pillai,Male,21,64,69,65,74.5
S075,Radha Verma,Female,22,78,83,76,85.5
S076,Chirag Mehta,Male,19,96,91,94,98.5
S077,Smitha Rao,Female,20,61,67,63,73.0
S078,Arun Krishnan,Male,21,80,84,81,88.0
S079,Tara Singh,Female,22,87,92,85,93.0
S080,Mihail Bose,Male,19,69,75,70,78.5
S081,Ranjini Nair,Female,20,77,82,75,84.5
S082,Suraj Sharma,Male,21,94,89,96,97.0
S083,Harini Pillai,Female,22,66,72,68,76.5
S084,Kiran Rao,Male,19,83,87,81,90.0
S085,Sumitra Joshi,Female,20,71,76,72,81.0
S086,Prasad Reddy,Male,21,88,84,87,92.0
S087,Amrita Desai,Female,22,58,64,60,69.5
S088,Varun Malhotra,Male,19,76,80,74,83.0
S089,Nandini Iyer,Female,20,92,88,94,96.0
S090,Sameer Khan,Male,21,63,68,65,73.5
S091,Lata Sharma,Female,22,79,84,77,86.5
S092,Aakash Gupta,Male,19,86,83,85,91.5
S093,Priyanka Nair,Female,20,74,79,73,82.0
S094,Rishi Tiwari,Male,21,81,85,79,89.0
S095,Deepa Menon,Female,22,67,73,69,77.5
S096,Tejas Patil,Male,19,90,86,91,94.5
S097,Vandana Choudhury,Female,20,57,63,59,68.0
S098,Nitin Bajaj,Male,21,75,80,73,83.5
S099,Shilpa Kapoor,Female,22,89,93,87,93.5
S100,Gaurav Yadav,Male,19,70,76,71,80.0
S101,Meena Pillai,Female,20,84,88,82,90.5
S102,Pranav Ghosh,Male,21,78,83,76,85.0
S003,Rohan Verma,Male,21,62,70,65,75.0
S047,Swati Tripathi,Female,22,,83,77,86.5
S019,Manish Jain,Male,22,53,,55,65.0
S070,Ramesh Nair,Male,21,55,60,,66.0
S037,Geeta Sharma,Female,20,56,62,58,
S028,Suresh Yadav,Male,19,,63,59,67.0
S060,Deepak Verma,Male,19,67,72,69,
S085,Sumitra Joshi,Female,20,71,,72,81.0
S012,Meera Iyer,Female,19,110,65,60,70.0
S046,Kunal Mishra,Male,21,54,59,56,105.0
