order_id,customer_id,product_category,product_name,quantity,unit_price,total_amount,order_date,customer_age,customer_gender,region,salesperson,payment_method,shipping_cost,profit_margin,profit_amount,year,month,month_name
ORD001,CUST001,Electronics,Laptop,1,899.99,899.99,2024-01-15,28,M,North,John Smith,Credit Card,15.99,0.25,224.9975,2024,1,January
ORD002,CUST002,Clothing,T-Shirt,3,19.99,59.97,2024-01-16,35,F,South,Sarah Johnson,PayPal,8.5,0.35,20.9895,2024,1,January
ORD003,CUST003,Home & Garden,Garden Tools,1,45.5,45.5,2024-01-17,42,M,East,Mike Davis,Debit Card,12.3,0.28,12.740000000000002,2024,1,January
ORD004,CUST004,Electronics,Smartphone,2,699.99,1399.98,2024-01-18,31,F,West,Lisa Brown,Credit Card,18.99,0.3,419.99399999999997,2024,1,January
ORD005,CUST005,Books,Novel,5,12.99,64.95,2024-01-19,25,M,North,John Smith,Cash,5.99,0.4,25.980000000000004,2024,1,January
ORD006,CUST006,Sports,Basketball,1,29.99,29.99,2024-01-20,29,F,South,Sarah Johnson,Credit Card,9.99,0.33,9.8967,2024,1,January
ORD007,CUST007,Electronics,Tablet,1,299.99,299.99,2024-01-21,38,M,East,Mike Davis,PayPal,11.5,0.27,80.99730000000001,2024,1,January
ORD008,CUST008,Clothing,Jeans,2,79.99,159.98,2024-01-22,33,F,West,Lisa Brown,Debit Card,10.99,0.32,51.193599999999996,2024,1,January
ORD009,CUST009,Home & Garden,Kitchen Set,1,189.99,189.99,2024-01-23,45,M,North,John Smith,Credit Card,20.99,0.26,49.397400000000005,2024,1,January
ORD010,CUST010,Books,Textbook,2,89.99,179.98,2024-01-24,22,F,South,Sarah Johnson,PayPal,7.99,0.38,68.3924,2024,1,January
ORD011,CUST011,Electronics,Headphones,3,149.99,449.97,2024-01-25,27,M,East,Mike Davis,Credit Card,13.5,0.29,130.4913,2024,1,January
ORD012,CUST012,Sports,Tennis Racket,1,119.99,119.99,2024-01-26,34,F,West,Lisa Brown,Cash,14.99,0.31,37.1969,2024,1,January
ORD013,CUST013,Clothing,Dress,1,129.99,129.99,2024-01-27,26,F,North,John Smith,Debit Card,12.99,0.34,44.196600000000004,2024,1,January
ORD014,CUST014,Home & Garden,Lamp,2,59.99,119.98,2024-01-28,41,M,South,Sarah Johnson,Credit Card,8.99,0.28,33.59440000000001,2024,1,January
ORD015,CUST015,Electronics,Camera,1,549.99,549.99,2024-01-29,36,M,East,Mike Davis,PayPal,16.99,0.24,131.9976,2024,1,January
ORD016,CUST016,Books,Cookbook,3,24.99,74.97,2024-01-30,39,F,West,Lisa Brown,Credit Card,6.5,0.37,27.7389,2024,1,January
ORD017,CUST017,Sports,Yoga Mat,2,39.99,79.98,2024-02-01,30,F,North,John Smith,Debit Card,7.99,0.35,27.993,2024,2,February
ORD018,CUST018,Clothing,Shoes,1,89.99,89.99,2024-02-02,28,M,South,Sarah Johnson,Cash,11.99,0.3,26.996999999999996,2024,2,February
ORD019,CUST019,Electronics,Monitor,1,249.99,249.99,2024-02-03,32,M,East,Mike Davis,Credit Card,19.99,0.26,64.9974,2024,2,February
ORD020,CUST020,Home & Garden,Vacuum,1,179.99,179.99,2024-02-04,44,F,West,Lisa Brown,PayPal,17.99,0.25,44.9975,2024,2,February
ORD021,CUST021,Books,Biography,4,16.99,67.96,2024-02-05,37,M,North,John Smith,Debit Card,5.99,0.39,26.504399999999997,2024,2,February
ORD022,CUST022,Sports,Dumbbells,1,149.99,149.99,2024-02-06,29,F,South,Sarah Johnson,Credit Card,22.99,0.28,41.99720000000001,2024,2,February
ORD023,CUST023,Electronics,Gaming Console,1,499.99,499.99,2024-02-07,24,M,East,Mike Davis,PayPal,25.99,0.22,109.9978,2024,2,February
ORD024,CUST024,Clothing,Jacket,1,199.99,199.99,2024-02-08,35,F,West,Lisa Brown,Credit Card,14.99,0.31,61.996900000000004,2024,2,February
ORD025,CUST025,Home & Garden,Microwave,1,129.99,129.99,2024-02-09,40,M,North,John Smith,Cash,16.99,0.27,35.097300000000004,2024,2,February
ORD026,CUST026,Books,Science Fiction,6,14.99,89.94,2024-02-10,26,F,South,Sarah Johnson,Debit Card,6.99,0.36,32.3784,2024,2,February
ORD027,CUST027,Electronics,Wireless Speaker,2,79.99,159.98,2024-02-11,31,M,East,Mike Davis,Credit Card,10.99,0.32,51.193599999999996,2024,2,February
ORD028,CUST028,Sports,Running Shoes,1,109.99,109.99,2024-02-12,33,F,West,Lisa Brown,PayPal,12.99,0.29,31.897099999999995,2024,2,February
ORD029,CUST029,Clothing,Sweater,2,69.99,139.98,2024-02-13,38,M,North,John Smith,Debit Card,9.99,0.33,46.1934,2024,2,February
ORD030,CUST030,Home & Garden,Coffee Maker,1,89.99,89.99,2024-02-14,42,F,South,Sarah Johnson,Credit Card,13.99,0.3,26.996999999999996,2024,2,February
ORD031,CUST031,Electronics,Smartwatch,1,199.99,199.99,2024-02-15,27,M,East,Mike Davis,Cash,11.99,0.28,55.99720000000001,2024,2,February
ORD032,CUST032,Books,History,3,19.99,59.97,2024-02-16,36,F,West,Lisa Brown,PayPal,5.5,0.38,22.7886,2024,2,February
ORD033,CUST033,Sports,Golf Clubs,1,299.99,299.99,2024-02-17,45,M,North,John Smith,Credit Card,29.99,0.24,71.9976,2024,2,February
ORD034,CUST034,Clothing,Pants,2,59.99,119.98,2024-02-18,30,F,South,Sarah Johnson,Debit Card,8.99,0.32,38.3936,2024,2,February
ORD035,CUST035,Electronics,Printer,1,149.99,149.99,2024-02-19,34,M,East,Mike Davis,Credit Card,18.99,0.26,38.997400000000006,2024,2,February
ORD036,CUST036,Home & Garden,Blender,1,79.99,79.99,2024-02-20,28,F,West,Lisa Brown,PayPal,9.99,0.31,24.796899999999997,2024,2,February
ORD037,CUST037,Books,Self-Help,4,18.99,75.96,2024-02-21,32,M,North,John Smith,Cash,6.99,0.37,28.105199999999996,2024,2,February
ORD038,CUST038,Sports,Bicycle,1,399.99,399.99,2024-02-22,29,F,South,Sarah Johnson,Credit Card,39.99,0.23,91.99770000000001,2024,2,February
ORD039,CUST039,Electronics,Keyboard,2,49.99,99.98,2024-02-23,35,M,East,Mike Davis,Debit Card,7.99,0.34,33.9932,2024,2,February
ORD040,CUST040,Clothing,Socks,10,9.99,99.9,2024-02-24,26,F,West,Lisa Brown,PayPal,4.99,0.45,44.955000000000005,2024,2,February
ORD041,CUST041,Home & Garden,Toaster,1,59.99,59.99,2024-02-25,41,M,North,John Smith,Credit Card,8.5,0.29,17.3971,2024,2,February
ORD042,CUST042,Electronics,Mouse,3,29.99,89.97,2024-02-26,33,F,South,Sarah Johnson,Cash,6.99,0.36,32.389199999999995,2024,2,February
ORD043,CUST043,Sports,Treadmill,1,799.99,799.99,2024-02-27,37,M,East,Mike Davis,Credit Card,59.99,0.21,167.9979,2024,2,February
ORD044,CUST044,Books,Romance,5,13.99,69.95,2024-02-28,25,F,West,Lisa Brown,PayPal,5.99,0.38,26.581000000000003,2024,2,February
ORD045,CUST045,Clothing,Hat,3,24.99,74.97,2024-03-01,39,M,North,John Smith,Debit Card,6.5,0.35,26.2395,2024,3,March
ORD046,CUST046,Electronics,USB Drive,5,19.99,99.95,2024-03-02,31,F,South,Sarah Johnson,Credit Card,4.99,0.42,41.979,2024,3,March
ORD047,CUST047,Home & Garden,Air Fryer,1,119.99,119.99,2024-03-03,43,M,East,Mike Davis,PayPal,14.99,0.27,32.3973,2024,3,March
ORD048,CUST048,Sports,Skateboard,1,69.99,69.99,2024-03-04,23,F,West,Lisa Brown,Cash,9.99,0.33,23.0967,2024,3,March
ORD049,CUST049,Books,Mystery,6,15.99,95.94,2024-03-05,34,M,North,John Smith,Debit Card,7.5,0.36,34.538399999999996,2024,3,March
ORD050,CUST050,Electronics,Power Bank,2,39.99,79.98,2024-03-06,28,F,South,Sarah Johnson,Credit Card,6.99,0.34,27.193200000000004,2024,3,March
ORD051,CUST051,Clothing,Scarf,4,29.99,119.96,2024-03-07,36,M,East,Mike Davis,PayPal,8.99,0.32,38.3872,2024,3,March
ORD052,CUST052,Home & Garden,Dish Set,1,89.99,89.99,2024-03-08,40,F,West,Lisa Brown,Credit Card,12.99,0.28,25.197200000000002,2024,3,March
ORD053,CUST053,Sports,Swimming Goggles,2,24.99,49.98,2024-03-09,27,M,North,John Smith,Cash,5.99,0.37,18.4926,2024,3,March
ORD054,CUST054,Electronics,Webcam,1,79.99,79.99,2024-03-10,32,F,South,Sarah Johnson,Debit Card,8.99,0.3,23.996999999999996,2024,3,March
ORD055,CUST055,Books,Fantasy,7,17.99,125.93,2024-03-11,29,M,East,Mike Davis,Credit Card,9.5,0.35,44.0755,2024,3,March
ORD056,CUST056,Clothing,Gloves,6,19.99,119.94,2024-03-12,35,F,West,Lisa Brown,PayPal,7.99,0.38,45.5772,2024,3,March
ORD057,CUST057,Home & Garden,Curtains,2,49.99,99.98,2024-03-13,44,M,North,John Smith,Debit Card,11.99,0.29,28.9942,2024,3,March
ORD058,CUST058,Electronics,Cable,8,12.99,103.92,2024-03-14,26,F,South,Sarah Johnson,Cash,5.5,0.43,44.6856,2024,3,March
ORD059,CUST059,Sports,Water Bottle,4,14.99,59.96,2024-03-15,30,M,East,Mike Davis,Credit Card,6.99,0.4,23.984,2024,3,March
ORD060,CUST060,Books,Travel Guide,3,22.99,68.97,2024-03-16,38,F,West,Lisa Brown,PayPal,6.5,0.34,23.4498,2024,3,March
ORD061,CUST061,Electronics,Battery Pack,3,24.99,74.97,2024-03-17,33,M,North,John Smith,Debit Card,6.99,0.35,26.2395,2024,3,March
ORD062,CUST062,Clothing,Belt,2,39.99,79.98,2024-03-18,41,F,South,Sarah Johnson,Credit Card,7.99,0.31,24.7938,2024,3,March
ORD063,CUST063,Home & Garden,Plant Pot,5,19.99,99.95,2024-03-19,28,M,East,Mike Davis,Cash,8.99,0.36,35.982,2024,3,March
ORD064,CUST064,Sports,Resistance Bands,1,29.99,29.99,2024-03-20,34,F,West,Lisa Brown,PayPal,5.99,0.39,11.6961,2024,3,March
ORD065,CUST065,Electronics,Phone Case,4,24.99,99.96,2024-03-21,27,M,North,John Smith,Credit Card,5.99,0.41,40.983599999999996,2024,3,March
ORD066,CUST066,Books,Art Book,2,34.99,69.98,2024-03-22,39,F,South,Sarah Johnson,Debit Card,8.5,0.33,23.093400000000003,2024,3,March
ORD067,CUST067,Clothing,Underwear,8,14.99,119.92,2024-03-23,31,M,East,Mike Davis,PayPal,6.99,0.42,50.3664,2024,3,March
ORD068,CUST068,Home & Garden,Storage Box,3,24.99,74.97,2024-03-24,42,F,West,Lisa Brown,Cash,7.99,0.34,25.489800000000002,2024,3,March
ORD069,CUST069,Electronics,Screen Protector,6,9.99,59.94,2024-03-25,25,M,North,John Smith,Credit Card,4.99,0.48,28.771199999999997,2024,3,March
ORD070,CUST070,Sports,Fitness Tracker,1,99.99,99.99,2024-03-26,36,F,South,Sarah Johnson,PayPal,9.99,0.29,28.997099999999996,2024,3,March
ORD071,CUST071,Books,Cookbook,4,26.99,107.96,2024-03-27,43,M,East,Mike Davis,Debit Card,8.99,0.32,34.5472,2024,3,March
ORD072,CUST072,Clothing,Tie,3,34.99,104.97,2024-03-28,37,F,West,Lisa Brown,Credit Card,7.5,0.3,31.491,2024,3,March
ORD073,CUST073,Electronics,Router,1,89.99,89.99,2024-03-29,32,M,North,John Smith,Cash,11.99,0.27,24.2973,2024,3,March
ORD074,CUST074,Home & Garden,Pillow,4,29.99,119.96,2024-03-30,29,F,South,Sarah Johnson,PayPal,9.99,0.33,39.5868,2024,3,March
ORD075,CUST075,Sports,Baseball Glove,1,79.99,79.99,2024-03-31,35,M,East,Mike Davis,Credit Card,10.99,0.28,22.3972,2024,3,March
ORD076,CUST076,Electronics,Charger,5,19.99,99.95,2024-04-01,28,F,West,Lisa Brown,Debit Card,6.99,0.37,36.981500000000004,2024,4,April
ORD077,CUST077,Books,Philosophy,3,21.99,65.97,2024-04-02,45,M,North,John Smith,PayPal,6.5,0.34,22.4298,2024,4,April
ORD078,CUST078,Clothing,Pajamas,2,49.99,99.98,2024-04-03,33,F,South,Sarah Johnson,Cash,8.99,0.31,30.9938,2024,4,April
ORD079,CUST079,Home & Garden,Tablecloth,1,39.99,39.99,2024-04-04,40,M,East,Mike Davis,Credit Card,7.99,0.32,12.796800000000001,2024,4,April
ORD080,CUST080,Electronics,Memory Card,3,29.99,89.97,2024-04-05,26,F,West,Lisa Brown,PayPal,5.99,0.38,34.1886,2024,4,April
ORD081,CUST081,Sports,Soccer Ball,2,39.99,79.98,2024-04-06,30,M,North,John Smith,Debit Card,8.99,0.33,26.393400000000003,2024,4,April
ORD082,CUST082,Books,Health & Fitness,5,18.99,94.95,2024-04-07,34,F,South,Sarah Johnson,Credit Card,7.5,0.36,34.182,2024,4,April
ORD083,CUST083,Clothing,Swimwear,1,59.99,59.99,2024-04-08,27,M,East,Mike Davis,Cash,8.5,0.3,17.997,2024,4,April
ORD084,CUST084,Electronics,Drone,1,299.99,299.99,2024-04-09,38,F,West,Lisa Brown,PayPal,24.99,0.23,68.99770000000001,2024,4,April
ORD085,CUST085,Home & Garden,Clock,2,44.99,89.98,2024-04-10,41,M,North,John Smith,Credit Card,8.99,0.29,26.0942,2024,4,April
ORD086,CUST086,Sports,Protein Powder,3,49.99,149.97,2024-04-11,29,F,South,Sarah Johnson,Debit Card,12.99,0.26,38.992200000000004,2024,4,April
ORD087,CUST087,Electronics,Smart Bulb,4,24.99,99.96,2024-04-12,35,M,East,Mike Davis,PayPal,7.99,0.35,34.986,2024,4,April
ORD088,CUST088,Books,Economics,2,39.99,79.98,2024-04-13,42,F,West,Lisa Brown,Cash,7.5,0.31,24.7938,2024,4,April
ORD089,CUST089,Clothing,Raincoat,1,89.99,89.99,2024-04-14,31,M,North,John Smith,Credit Card,10.99,0.28,25.197200000000002,2024,4,April
ORD090,CUST090,Home & Garden,Mirror,1,69.99,69.99,2024-04-15,36,F,South,Sarah Johnson,PayPal,9.99,0.3,20.996999999999996,2024,4,April
ORD091,CUST091,Electronics,Ethernet Cable,6,14.99,89.94,2024-04-16,28,M,East,Mike Davis,Debit Card,6.5,0.4,35.976,2024,4,April
ORD092,CUST092,Sports,Helmet,1,59.99,59.99,2024-04-17,33,F,West,Lisa Brown,Credit Card,8.99,0.32,19.1968,2024,4,April
ORD093,CUST093,Books,Poetry,4,16.99,67.96,2024-04-18,37,M,North,John Smith,Cash,6.5,0.37,25.1452,2024,4,April
ORD094,CUST094,Clothing,Backpack,1,79.99,79.99,2024-04-19,25,F,South,Sarah Johnson,PayPal,9.99,0.29,23.197099999999995,2024,4,April
ORD095,CUST095,Electronics,VR Headset,1,399.99,399.99,2024-04-20,32,M,East,Mike Davis,Credit Card,29.99,0.22,87.9978,2024,4,April
ORD096,CUST096,Home & Garden,Candles,8,12.99,103.92,2024-04-21,44,F,West,Lisa Brown,Debit Card,8.5,0.41,42.6072,2024,4,April
ORD097,CUST097,Sports,Badminton Set,1,49.99,49.99,2024-04-22,30,M,North,John Smith,PayPal,8.99,0.34,16.9966,2024,4,April
ORD098,CUST098,Electronics,Bluetooth Adapter,2,34.99,69.98,2024-04-23,29,F,South,Sarah Johnson,Cash,6.99,0.33,23.093400000000003,2024,4,April
ORD099,CUST099,Books,Religion,3,23.99,71.97,2024-04-24,39,M,East,Mike Davis,Credit Card,6.5,0.35,25.1895,2024,4,April
ORD100,CUST100,Clothing,Wallet,1,49.99,49.99,2024-04-25,35,F,West,Lisa Brown,PayPal,6.99,0.31,15.4969,2024,4,April
