review_id,product_category,rating,review_text,date
1,Electronics,5,"This smartphone is absolutely amazing! The camera quality is outstanding and the battery life lasts all day. Highly recommended for anyone looking for a premium device.","2024-01-15"
2,Electronics,1,"Terrible phone. The screen cracked after just one week of normal use. Customer service was unhelpful and refused to replace it. Waste of money.","2024-01-20"
3,Clothing,4,"Good quality jacket. The material feels durable and the fit is perfect. Only minor issue is that the zipper feels a bit cheap.","2024-01-25"
4,Books,5,"Incredible book! Couldn't put it down. The author's writing style is engaging and the plot twists kept me guessing until the end.","2024-02-01"
5,Electronics,2,"The laptop overheats constantly and the fan is extremely loud. Performance is sluggish and it crashes frequently. Not worth the price.","2024-02-05"
6,Clothing,5,"Perfect dress for the occasion! The fabric is high quality and the color is exactly as shown in the pictures. Fast shipping too.","2024-02-10"
7,Books,3,"Average book. Some parts were interesting but overall it felt quite predictable. Not the author's best work in my opinion.","2024-02-12"
8,Electronics,5,"Excellent wireless headphones. Sound quality is crystal clear and the noise cancellation works perfectly. Battery lasts for hours.","2024-02-15"
9,Home,1,"Worst purchase ever. The furniture arrived damaged and when I contacted customer service they were rude and unhelpful. Still waiting for a replacement after 3 weeks.","2024-02-18"
10,Books,4,"Really enjoyed this novel. Characters were well developed and the story was compelling. Would definitely read more from this author.","2024-02-20"
11,Electronics,5,"This tablet exceeded my expectations. Screen is vibrant, performance is smooth, and it's perfect for both work and entertainment.","2024-02-22"
12,Clothing,2,"Disappointed with the quality. The shirt shrank significantly after the first wash and the colors faded. Not as described.","2024-02-25"
13,Home,5,"Love this coffee maker! Brews perfect coffee every time and it's so easy to use. Great value for money.","2024-02-28"
14,Electronics,1,"Complete garbage. The smartwatch stopped working after just 3 days. Screen went black and won't turn on. Avoid this brand.","2024-03-02"
15,Books,5,"Fantastic mystery novel! The plot was intricate and the characters felt real. Kept me on the edge of my seat throughout.","2024-03-05"
16,Clothing,4,"Nice sneakers. Comfortable to wear and look stylish. Only complaint is they get dirty easily but overall satisfied.","2024-03-08"
17,Home,3,"Decent kitchen knife set. Sharp blades but the handles feel a bit flimsy. Good for the price point but not exceptional.","2024-03-10"
18,Electronics,5,"Amazing gaming laptop! Runs all the latest games smoothly on high settings. Cooling system is excellent and build quality is solid.","2024-03-12"
19,Books,2,"Boring and repetitive. Had to force myself to finish it. The writing felt lazy and the ending was unsatisfying.","2024-03-15"
20,Clothing,5,"Perfect fit! The jeans are comfortable and the quality is excellent. Will definitely buy more from this brand.","2024-03-18"
21,Electronics,4,"Good smartphone for the price. Camera is decent and battery life is acceptable. Not the best but certainly not the worst.","2024-03-20"
22,Home,1,"Horrible vacuum cleaner. Barely picks up dirt and the suction is weak. Broke after just a month of use. Complete waste of money.","2024-03-22"
23,Books,5,"Outstanding biography! Well researched and beautifully written. Learned so much about the subject's life and times.","2024-03-25"
24,Electronics,3,"Okay wireless earbuds. Sound quality is average and they fit well. Nothing special but they do the job.","2024-03-28"
25,Clothing,1,"Terrible quality dress. Fabric feels cheap and the stitching is coming apart already. Looks nothing like the product photos.","2024-03-30"
26,Home,5,"Excellent air fryer! Cooks food evenly and quickly. Easy to clean and saves so much time in the kitchen. Highly recommend.","2024-04-02"
27,Books,4,"Engaging science fiction novel. Creative world-building and interesting characters. A few pacing issues but overall enjoyable.","2024-04-05"
28,Electronics,2,"Poor quality headphones. Sound is tinny and uncomfortable to wear for long periods. Not worth the money.","2024-04-08"
29,Clothing,5,"Beautiful coat! The design is elegant and it keeps me warm. Received many compliments. Excellent purchase.","2024-04-10"
30,Home,3,"Standard dining table. Assembly was straightforward and it's sturdy enough. Nothing remarkable but serves its purpose.","2024-04-12"
31,Electronics,5,"Incredible TV! Picture quality is stunning and the smart features work flawlessly. Best entertainment upgrade I've made.","2024-04-15"
32,Books,1,"Awful book. Plot makes no sense and characters are one-dimensional. Couldn't even finish it. Complete waste of time.","2024-04-18"
33,Clothing,4,"Comfortable running shoes. Good support and cushioning. Have held up well after several months of regular use.","2024-04-20"
34,Home,5,"Love this sofa! So comfortable and the fabric is high quality. Perfect size for our living room. Great customer service too.","2024-04-22"
35,Electronics,2,"Disappointing laptop. Slow performance and poor build quality. Screen has dead pixels and keyboard keys stick. Not recommended.","2024-04-25"
36,Books,5,"Absolutely brilliant cookbook! Recipes are easy to follow and everything I've made has turned out delicious. Worth every penny.","2024-04-28"
37,Clothing,3,"Decent t-shirt. Fabric is soft but the print quality could be better. Fair value for the price but nothing exceptional.","2024-05-01"
38,Electronics,5,"Perfect fitness tracker! Accurate readings and great battery life. App is user-friendly and motivates me to stay active.","2024-05-03"
39,Home,1,"Cheaply made lamp. Broke within a week of purchase. Customer service ignored my complaints. Would not buy from this seller again.","2024-05-05"
40,Books,4,"Enjoyable romance novel. Characters had good chemistry and the story was sweet. Perfect light reading for vacation.","2024-05-08"
41,Electronics,5,"Outstanding wireless mouse! Smooth tracking and comfortable grip. Battery lasts forever. Great for both work and gaming.","2024-05-10"
42,Clothing,2,"Poor quality pants. Fabric is thin and the fit is weird. Started pilling after just a few wears. Not happy with purchase.","2024-05-12"
43,Home,5,"Fantastic blender! Powerful motor and makes perfect smoothies every time. Easy to clean and looks great on the counter.","2024-05-15"
44,Books,3,"Okay thriller. Some suspenseful moments but the ending was predictable. Worth reading but not memorable.","2024-05-18"
45,Electronics,4,"Good quality webcam. Clear video and decent audio. Setup was easy and works well for video calls. Satisfied with purchase.","2024-05-20"
46,Clothing,5,"Amazing dress! Perfect fit and beautiful design. Received so many compliments at the event. Will shop here again.","2024-05-22"
47,Home,2,"Disappointing chair. Not as comfortable as expected and the material feels cheap. Assembly instructions were confusing.","2024-05-25"
48,Books,5,"Exceptional memoir! Beautifully written and deeply moving. Couldn't put it down. One of the best books I've read this year.","2024-05-28"
49,Electronics,1,"Horrible smart speaker. Voice recognition barely works and sound quality is terrible. Constantly loses internet connection.","2024-05-30"
50,Clothing,4,"Nice sweater. Soft fabric and good fit. Colors haven't faded after multiple washes. Good quality for the price.","2024-06-02"