review_id,product_category,rating,date,review_text,cleaned_text,sentiment,positive_score,negative_score,neutral_score,compound_score
1,Electronics,5,2024-01-15,This smartphone is absolutely amazing! The camera quality is outstanding and the battery life lasts all day. Highly recommended for anyone looking for a premium device.,This smartphone is absolutely amazing! The camera quality is outstanding and the battery life lasts all day. Highly recommended for anyone looking for a premium device.,Positive,0.323,0.0,0.677,0.888
2,Electronics,1,2024-01-20,Terrible phone. The screen cracked after just one week of normal use. Customer service was unhelpful and refused to replace it. Waste of money.,Terrible phone. The screen cracked after just one week of normal use. Customer service was unhelpful and refused to replace it. Waste of money.,Negative,0.0,0.278,0.722,-0.7964
3,Clothing,4,2024-01-25,Good quality jacket. The material feels durable and the fit is perfect. Only minor issue is that the zipper feels a bit cheap.,Good quality jacket. The material feels durable and the fit is perfect. Only minor issue is that the zipper feels a bit cheap.,Positive,0.324,0.0,0.676,0.8442
4,Books,5,2024-02-01,Incredible book! Couldn't put it down. The author's writing style is engaging and the plot twists kept me guessing until the end.,Incredible book! Couldn't put it down. The author's writing style is engaging and the plot twists kept me guessing until the end.,Positive,0.114,0.0,0.886,0.4003
5,Electronics,2,2024-02-05,The laptop overheats constantly and the fan is extremely loud. Performance is sluggish and it crashes frequently. Not worth the price.,The laptop overheats constantly and the fan is extremely loud. Performance is sluggish and it crashes frequently. Not worth the price.,Negative,0.093,0.177,0.73,-0.2654
6,Clothing,5,2024-02-10,Perfect dress for the occasion! The fabric is high quality and the color is exactly as shown in the pictures. Fast shipping too.,Perfect dress for the occasion! The fabric is high quality and the color is exactly as shown in the pictures. Fast shipping too.,Positive,0.154,0.0,0.846,0.6114
7,Books,3,2024-02-12,Average book. Some parts were interesting but overall it felt quite predictable. Not the author's best work in my opinion.,Average book. Some parts were interesting but overall it felt quite predictable. Not the author's best work in my opinion.,Negative,0.076,0.187,0.738,-0.5722
8,Electronics,5,2024-02-15,Excellent wireless headphones. Sound quality is crystal clear and the noise cancellation works perfectly. Battery lasts for hours.,Excellent wireless headphones. Sound quality is crystal clear and the noise cancellation works perfectly. Battery lasts for hours.,Positive,0.412,0.0,0.588,0.8885
9,Home,1,2024-02-18,Worst purchase ever. The furniture arrived damaged and when I contacted customer service they were rude and unhelpful. Still waiting for a replacement after 3 weeks.,Worst purchase ever. The furniture arrived damaged and when I contacted customer service they were rude and unhelpful. Still waiting for a replacement after 3 weeks.,Negative,0.0,0.333,0.667,-0.875
10,Books,4,2024-02-20,Really enjoyed this novel. Characters were well developed and the story was compelling. Would definitely read more from this author.,Really enjoyed this novel. Characters were well developed and the story was compelling. Would definitely read more from this author.,Positive,0.469,0.0,0.531,0.9052
11,Electronics,5,2024-02-22,"This tablet exceeded my expectations. Screen is vibrant, performance is smooth, and it's perfect for both work and entertainment.","This tablet exceeded my expectations. Screen is vibrant, performance is smooth, and it's perfect for both work and entertainment.",Positive,0.382,0.0,0.618,0.872
12,Clothing,2,2024-02-25,Disappointed with the quality. The shirt shrank significantly after the first wash and the colors faded. Not as described.,Disappointed with the quality. The shirt shrank significantly after the first wash and the colors faded. Not as described.,Negative,0.0,0.147,0.853,-0.4767
13,Home,5,2024-02-28,Love this coffee maker! Brews perfect coffee every time and it's so easy to use. Great value for money.,Love this coffee maker! Brews perfect coffee every time and it's so easy to use. Great value for money.,Positive,0.568,0.0,0.432,0.9609
14,Electronics,1,2024-03-02,Complete garbage. The smartwatch stopped working after just 3 days. Screen went black and won't turn on. Avoid this brand.,Complete garbage. The smartwatch stopped working after just 3 days. Screen went black and won't turn on. Avoid this brand.,Neutral,0.091,0.091,0.818,-0.0031
15,Books,5,2024-03-05,Fantastic mystery novel! The plot was intricate and the characters felt real. Kept me on the edge of my seat throughout.,Fantastic mystery novel! The plot was intricate and the characters felt real. Kept me on the edge of my seat throughout.,Positive,0.302,0.0,0.698,0.7777
16,Clothing,4,2024-03-08,Nice sneakers. Comfortable to wear and look stylish. Only complaint is they get dirty easily but overall satisfied.,Nice sneakers. Comfortable to wear and look stylish. Only complaint is they get dirty easily but overall satisfied.,Positive,0.378,0.142,0.48,0.7096
17,Home,3,2024-03-10,Decent kitchen knife set. Sharp blades but the handles feel a bit flimsy. Good for the price point but not exceptional.,Decent kitchen knife set. Sharp blades but the handles feel a bit flimsy. Good for the price point but not exceptional.,Positive,0.168,0.0,0.832,0.5927
18,Electronics,5,2024-03-12,Amazing gaming laptop! Runs all the latest games smoothly on high settings. Cooling system is excellent and build quality is solid.,Amazing gaming laptop! Runs all the latest games smoothly on high settings. Cooling system is excellent and build quality is solid.,Positive,0.343,0.0,0.657,0.8553
19,Books,2,2024-03-15,Boring and repetitive. Had to force myself to finish it. The writing felt lazy and the ending was unsatisfying.,Boring and repetitive. Had to force myself to finish it. The writing felt lazy and the ending was unsatisfying.,Negative,0.0,0.298,0.702,-0.7003
20,Clothing,5,2024-03-18,Perfect fit! The jeans are comfortable and the quality is excellent. Will definitely buy more from this brand.,Perfect fit! The jeans are comfortable and the quality is excellent. Will definitely buy more from this brand.,Positive,0.555,0.0,0.445,0.945
21,Electronics,4,2024-03-20,Good smartphone for the price. Camera is decent and battery life is acceptable. Not the best but certainly not the worst.,Good smartphone for the price. Camera is decent and battery life is acceptable. Not the best but certainly not the worst.,Positive,0.38,0.074,0.546,0.8384
22,Home,1,2024-03-22,Horrible vacuum cleaner. Barely picks up dirt and the suction is weak. Broke after just a month of use. Complete waste of money.,Horrible vacuum cleaner. Barely picks up dirt and the suction is weak. Broke after just a month of use. Complete waste of money.,Negative,0.053,0.444,0.503,-0.9088
23,Books,5,2024-03-25,Outstanding biography! Well researched and beautifully written. Learned so much about the subject's life and times.,Outstanding biography! Well researched and beautifully written. Learned so much about the subject's life and times.,Positive,0.437,0.0,0.563,0.8777
24,Electronics,3,2024-03-28,Okay wireless earbuds. Sound quality is average and they fit well. Nothing special but they do the job.,Okay wireless earbuds. Sound quality is average and they fit well. Nothing special but they do the job.,Positive,0.233,0.08,0.687,0.278
25,Clothing,1,2024-03-30,Terrible quality dress. Fabric feels cheap and the stitching is coming apart already. Looks nothing like the product photos.,Terrible quality dress. Fabric feels cheap and the stitching is coming apart already. Looks nothing like the product photos.,Negative,0.0,0.235,0.765,-0.6381
26,Home,5,2024-04-02,Excellent air fryer! Cooks food evenly and quickly. Easy to clean and saves so much time in the kitchen. Highly recommend.,Excellent air fryer! Cooks food evenly and quickly. Easy to clean and saves so much time in the kitchen. Highly recommend.,Positive,0.421,0.0,0.579,0.9078
27,Books,4,2024-04-05,Engaging science fiction novel. Creative world-building and interesting characters. A few pacing issues but overall enjoyable.,Engaging science fiction novel. Creative world-building and interesting characters. A few pacing issues but overall enjoyable.,Positive,0.524,0.0,0.476,0.8402
28,Electronics,2,2024-04-08,Poor quality headphones. Sound is tinny and uncomfortable to wear for long periods. Not worth the money.,Poor quality headphones. Sound is tinny and uncomfortable to wear for long periods. Not worth the money.,Negative,0.0,0.345,0.655,-0.7481
29,Clothing,5,2024-04-10,Beautiful coat! The design is elegant and it keeps me warm. Received many compliments. Excellent purchase.,Beautiful coat! The design is elegant and it keeps me warm. Received many compliments. Excellent purchase.,Positive,0.586,0.0,0.414,0.9392
30,Home,3,2024-04-12,Standard dining table. Assembly was straightforward and it's sturdy enough. Nothing remarkable but serves its purpose.,Standard dining table. Assembly was straightforward and it's sturdy enough. Nothing remarkable but serves its purpose.,Negative,0.0,0.116,0.884,-0.2411
31,Electronics,5,2024-04-15,Incredible TV! Picture quality is stunning and the smart features work flawlessly. Best entertainment upgrade I've made.,Incredible TV! Picture quality is stunning and the smart features work flawlessly. Best entertainment upgrade I've made.,Positive,0.545,0.0,0.455,0.9245
32,Books,1,2024-04-18,Awful book. Plot makes no sense and characters are one-dimensional. Couldn't even finish it. Complete waste of time.,Awful book. Plot makes no sense and characters are one-dimensional. Couldn't even finish it. Complete waste of time.,Negative,0.0,0.348,0.652,-0.7906
33,Clothing,4,2024-04-20,Comfortable running shoes. Good support and cushioning. Have held up well after several months of regular use.,Comfortable running shoes. Good support and cushioning. Have held up well after several months of regular use.,Positive,0.458,0.0,0.542,0.875
34,Home,5,2024-04-22,Love this sofa! So comfortable and the fabric is high quality. Perfect size for our living room. Great customer service too.,Love this sofa! So comfortable and the fabric is high quality. Perfect size for our living room. Great customer service too.,Positive,0.483,0.0,0.517,0.9508
35,Electronics,2,2024-04-25,Disappointing laptop. Slow performance and poor build quality. Screen has dead pixels and keyboard keys stick. Not recommended.,Disappointing laptop. Slow performance and poor build quality. Screen has dead pixels and keyboard keys stick. Not recommended.,Negative,0.0,0.465,0.535,-0.9041
36,Books,5,2024-04-28,Absolutely brilliant cookbook! Recipes are easy to follow and everything I've made has turned out delicious. Worth every penny.,Absolutely brilliant cookbook! Recipes are easy to follow and everything I've made has turned out delicious. Worth every penny.,Positive,0.462,0.0,0.538,0.9167
37,Clothing,3,2024-05-01,Decent t-shirt. Fabric is soft but the print quality could be better. Fair value for the price but nothing exceptional.,Decent t-shirt. Fabric is soft but the print quality could be better. Fair value for the price but nothing exceptional.,Positive,0.368,0.0,0.632,0.872
38,Electronics,5,2024-05-03,Perfect fitness tracker! Accurate readings and great battery life. App is user-friendly and motivates me to stay active.,Perfect fitness tracker! Accurate readings and great battery life. App is user-friendly and motivates me to stay active.,Positive,0.479,0.0,0.521,0.9168
39,Home,1,2024-05-05,Cheaply made lamp. Broke within a week of purchase. Customer service ignored my complaints. Would not buy from this seller again.,Cheaply made lamp. Broke within a week of purchase. Customer service ignored my complaints. Would not buy from this seller again.,Negative,0.0,0.315,0.685,-0.7783
40,Books,4,2024-05-08,Enjoyable romance novel. Characters had good chemistry and the story was sweet. Perfect light reading for vacation.,Enjoyable romance novel. Characters had good chemistry and the story was sweet. Perfect light reading for vacation.,Positive,0.626,0.0,0.374,0.9545
41,Electronics,5,2024-05-10,Outstanding wireless mouse! Smooth tracking and comfortable grip. Battery lasts forever. Great for both work and gaming.,Outstanding wireless mouse! Smooth tracking and comfortable grip. Battery lasts forever. Great for both work and gaming.,Positive,0.455,0.0,0.545,0.9134
42,Clothing,2,2024-05-12,Poor quality pants. Fabric is thin and the fit is weird. Started pilling after just a few wears. Not happy with purchase.,Poor quality pants. Fabric is thin and the fit is weird. Started pilling after just a few wears. Not happy with purchase.,Negative,0.092,0.286,0.623,-0.6483
43,Home,5,2024-05-15,Fantastic blender! Powerful motor and makes perfect smoothies every time. Easy to clean and looks great on the counter.,Fantastic blender! Powerful motor and makes perfect smoothies every time. Easy to clean and looks great on the counter.,Positive,0.607,0.0,0.393,0.9642
44,Books,3,2024-05-18,Okay thriller. Some suspenseful moments but the ending was predictable. Worth reading but not memorable.,Okay thriller. Some suspenseful moments but the ending was predictable. Worth reading but not memorable.,Positive,0.294,0.0,0.706,0.4588
45,Electronics,4,2024-05-20,Good quality webcam. Clear video and decent audio. Setup was easy and works well for video calls. Satisfied with purchase.,Good quality webcam. Clear video and decent audio. Setup was easy and works well for video calls. Satisfied with purchase.,Positive,0.47,0.0,0.53,0.9062
46,Clothing,5,2024-05-22,Amazing dress! Perfect fit and beautiful design. Received so many compliments at the event. Will shop here again.,Amazing dress! Perfect fit and beautiful design. Received so many compliments at the event. Will shop here again.,Positive,0.569,0.0,0.431,0.9529
47,Home,2,2024-05-25,Disappointing chair. Not as comfortable as expected and the material feels cheap. Assembly instructions were confusing.,Disappointing chair. Not as comfortable as expected and the material feels cheap. Assembly instructions were confusing.,Negative,0.0,0.375,0.625,-0.7784
48,Books,5,2024-05-28,Exceptional memoir! Beautifully written and deeply moving. Couldn't put it down. One of the best books I've read this year.,Exceptional memoir! Beautifully written and deeply moving. Couldn't put it down. One of the best books I've read this year.,Positive,0.313,0.0,0.687,0.8478
49,Electronics,1,2024-05-30,Horrible smart speaker. Voice recognition barely works and sound quality is terrible. Constantly loses internet connection.,Horrible smart speaker. Voice recognition barely works and sound quality is terrible. Constantly loses internet connection.,Negative,0.114,0.377,0.508,-0.7351
50,Clothing,4,2024-06-02,Nice sweater. Soft fabric and good fit. Colors haven't faded after multiple washes. Good quality for the price.,Nice sweater. Soft fabric and good fit. Colors haven't faded after multiple washes. Good quality for the price.,Positive,0.442,0.0,0.558,0.8779
